category,title,creator,publication,description
album,Blue Breaker,Dr. Sarai Langosh,1949,Et et expedita non aut quo.
book,Joe Treat,Blaise Lesch,1968,Voluptatem adipisci qui velit.
album,Kreb-Full-o Been,Ms. Trevion Buckridge,2016,Vero consectetur delectus consequatur id aut accusantium unde excepturi.
album,Wake-up Pie,Timmy Streich I,1919,Voluptatem consequatur qui consectetur nisi officiis culpa.
album,Major Cup,Jayde Bartoletti,1944,Quis recusandae cum est facere consequatur minima magni et.
book,Summer Select,Ms. Gwendolyn Ortiz,1946,Et molestiae eos nam odit aut sed.
album,Holiday Choice,Alexandria Lehner,1940,Excepturi voluptas ut voluptatum.
book,Postmodern Blend,Meredith Brekke,1970,Dolorem fugit accusantium qui.
book,Green Forrester,Raquel Hirthe,1933,Omnis qui quia odio.
album,Winter Mug,Tia Weissnat II,1990,Laboriosam autem iusto quae sed voluptate et.
book,Red Pie,Davon Kub,1961,Id dolorem qui laborum quia.
album,Major Equinox,Queen Satterfield,1997,Fugit perferendis est quam sunt porro vel rerum.
book,Melty Breaker,Montana Dickinson Sr.,1991,Perferendis harum fuga corporis.
book,Winter Pie,Mr. Syble Kuhn,1970,Incidunt molestias deserunt laudantium.
album,Goodbye Utopia,Orion Spencer,1962,Praesentium enim pariatur voluptatem sed quod dolorum.
album,Green Select,Berneice Jenkins,1957,Hic repudiandae molestiae id nulla aliquid maiores necessitatibus.
book,Blacktop Enlightenment,Seamus D'Amore,1928,Ea id cumque et pariatur magni nemo dolorem.
album,Express Extract,Dorothy Jast I,1969,Dolores dolorum aut ea aperiam et voluptatem.
album,Winter Been,Mackenzie Wilkinson,1932,Culpa repudiandae et at sint et amet fugiat et.
book,Heart Mug,Orpha Douglas,2009,Qui voluptas alias quia.
album,Blue Treat,Eliseo Gorczany,1979,Sit est quis veniam saepe.
book,Hello Town,Laury Walter,2005,Est sed ut asperiores sed fugiat.
album,Blacktop Choice,Casey Feil,2008,Temporibus ex maxime labore quam et natus quia ipsum.
book,Huggy Star,Nigel Lesch DVM,1962,Voluptatem ea aspernatur nesciunt ipsa quis error corporis placeat.
movie,Poodle Dog Goes South,Paul Hollywood,2014, Health goth live-edge unicorn typewriter stumptown raw denim food truck microdosing chia yr. Taxidermy chicharrones plaid tattooed portland, whatever tote bag.
movie,Salvia Taiyaki,Chloe Mitchell,2014,Polaroid street art stumptown taxidermy. Readymade intelligentsia skateboard poutine.
movie,Small Batch,Orla Mcdonald,2010,Cold-pressed glossier helvetica celiac jianbing green juice PBR&B taxidermy vinyl locavore woke intelligentsia.
movie,VHS Swag,Rosie Cruz,2011,AF mlkshk meggings typewriter butcher vape.
movie,Master Cleanse,Carmen Krueger,2019,Cleanse forage food truck retro fingerstache shaman pour-over snackwave gastropub PBR&B fam.
movie,Four Loko Cray,Jesse Lin,2015,La croix marfa gastropub irony.
movie,Trust Fund Organic Aesthetic Art Party,Saif Gillespie,1999,Poutine banjo skateboard woke tote bag normcore. Dreamcatcher man bun farm-to-table paleo tote bag cloud bread.
movie,Hot Chicken,Caleb Levy,2015,Affogato vape fingerstache ugh kogi lumbersexual heirloom.