category,title,creator,publication_year,description
album,Huggy Symphony,Murray Hammes II,1971,Iure quia eos ex.
album,Evening Coffee,Elvis Thiel,1989,Officia ex facere rerum.
album,Holiday Enlightenment,Janise Jast IV,1926,Et est vitae accusamus.
album,Seattle Forrester,Angla Hills DVM,1944,Impedit facilis eius rerum.
book,Pumpkin-spice Cowboy,Reva Jenkins,1921,Commodi blanditiis est aut.
book,Captain's Equinox,Burton Mertz,2005,Animi nihil architecto ut.
book,Street Level,Forest Streich,1967,Accusamus laudantium aliquam quas.
album,American Blend,Rudolf Hegmann II,1925,Voluptatibus explicabo illum totam.
album,Captain's Light,Annetta Little,2014,Fugiat nesciunt quam provident.
album,Jacked Forrester,Deandre Bernhard III,1999,Et corporis ut qui.
album,Holiday Coffee,Jeannine Schroeder,1928,Id recusandae sint voluptatum.
album,Hello Select,Korey Maggio,1987,Omnis aut enim esse.
book,KrebStar Select,Gus Satterfield V,1959,Nisi pariatur consequatur voluptas.
album,Major Coffee,Valentine Hoeger IV,1983,Nihil eius veniam aspernatur.
album,Evening Solstice,Mr. Trey Pacocha,1966,Ab et consequatur fugit.
book,Café Level,Deana Waelchi PhD,1920,Est aut labore delectus.
book,Street Volcano,Eldon O'Connell III,1925,Ea est non sint.
book,KrebStar Bean,Bernice Barton,1953,Voluptates ut aut doloribus.
album,The Captain's Cowboy,Jude Howell,1921,Asperiores voluptatibus minima beatae.
book,Express Town,Annice Schaden,2010,Porro voluptas vel voluptatem.
book,Café Level,Shani Medhurst,1953,Non dolorum qui voluptatem.
album,Joe Choice,Mellissa Bahringer,1986,Tempora eos voluptas temporibus.
book,Reg's Bean,Delcie Altenwerth,1954,Quia dolores qui soluta.
book,Spilt Select,Cleora Champlin,1974,Fuga itaque dolorem nihil.
album,Brooklyn Solstice,Thurman Stark,1973,Quae quia quaerat magni.
